true_label,pred_prob,pred_label,entropy,variance,triage
1,0.971832275390625,1,0.12831413745880127,0.004417442716658115,confident_pneumonia
0,0.9948701858520508,1,0.03216453269124031,7.034740701783448e-05,confident_pneumonia
1,0.8924050331115723,1,0.3414573073387146,0.0030371551401913166,uncertain_refer
0,0.09245403856039047,0,0.3081790804862976,0.009942468255758286,confident_normal
1,0.9957212209701538,1,0.027606450021266937,6.384398875525221e-05,confident_pneumonia
1,0.9972809553146362,1,0.018778033554553986,1.4312759049062151e-05,confident_pneumonia
1,0.9943100810050964,1,0.035085227340459824,4.708369669970125e-05,confident_pneumonia
1,0.9945133924484253,1,0.034031763672828674,0.00013762980233877897,confident_pneumonia
1,0.9905215501785278,1,0.05359096825122833,0.00020101842528674752,confident_pneumonia
0,0.9806234240531921,1,0.0956028401851654,0.0003609578707255423,confident_pneumonia
1,0.9955928921699524,1,0.028303898870944977,3.7621088267769665e-05,confident_pneumonia
1,0.9475505948066711,1,0.20566515624523163,0.0005812071030959487,confident_pneumonia
1,0.9917763471603394,1,0.04766936972737312,0.0001537711068522185,confident_pneumonia
1,0.9977803230285645,1,0.015780311077833176,3.596844544517808e-05,confident_pneumonia
1,0.9588211178779602,1,0.1716727763414383,0.0010903604561462998,confident_pneumonia
1,0.996152400970459,1,0.02523401565849781,1.1577055374800693e-05,confident_pneumonia
1,0.9978293180465698,1,0.015480495989322662,9.759924068930559e-06,confident_pneumonia
1,0.5670877695083618,1,0.6841184496879578,0.010579034686088562,uncertain_refer
1,0.9906328320503235,1,0.05307293310761452,0.0001136258797487244,confident_pneumonia
0,0.14907780289649963,0,0.42110610008239746,0.0038173075299710035,uncertain_refer
0,0.06943821161985397,0,0.25218334794044495,0.004202443175017834,confident_normal
1,0.994052529335022,1,0.03640928119421005,6.793967622797936e-05,confident_pneumonia
1,0.9354085922241211,1,0.23941835761070251,0.002669204957783222,confident_pneumonia
1,0.9846218824386597,1,0.07945998013019562,0.0005280760815367103,confident_pneumonia
1,0.977628231048584,1,0.10713135451078415,0.000540486944373697,confident_pneumonia
0,0.043648235499858856,0,0.1793699711561203,0.0024739657528698444,confident_normal
1,0.9902111887931824,1,0.05502882972359657,0.00022697939130011946,confident_pneumonia
0,0.134908989071846,0,0.39561307430267334,0.0065375943668186665,uncertain_refer
0,0.7445272207260132,1,0.5682681202888489,0.011093813925981522,uncertain_refer
1,0.9930974245071411,1,0.041224949061870575,9.468914504395798e-05,confident_pneumonia
0,0.9547669291496277,1,0.18423254787921906,0.00463278591632843,confident_pneumonia
1,0.9720249176025391,1,0.1276313066482544,0.002021412830799818,confident_pneumonia
1,0.9964272379875183,1,0.02369679883122444,2.575530015747063e-05,confident_pneumonia
1,0.9923653602600098,1,0.0448247455060482,0.00012121522740926594,confident_pneumonia
1,0.9978973269462585,1,0.015062485821545124,8.456291652692016e-06,confident_pneumonia
1,0.9822463989257812,1,0.08916279673576355,0.0007954840548336506,confident_pneumonia
0,0.08824435621500015,0,0.29845696687698364,0.008448765613138676,confident_normal
1,0.9880520105361938,1,0.06477237492799759,0.00016071568825282156,confident_pneumonia
0,0.3611006736755371,0,0.6540489196777344,0.008997020311653614,uncertain_refer
0,0.8987553715705872,1,0.3278091251850128,0.010135583579540253,confident_pneumonia
1,0.9993007779121399,1,0.00577920489013195,1.6404884490839322e-06,confident_pneumonia
0,0.06526408344507217,0,0.2412126362323761,0.004631676711142063,confident_normal
0,0.048720575869083405,0,0.1947307139635086,0.00283224368467927,confident_normal
0,0.3043047785758972,0,0.6144677400588989,0.013947521336376667,uncertain_refer
0,0.9764045476913452,1,0.11171997338533401,0.0007729036151431501,confident_pneumonia
1,0.9932047724723816,1,0.04069070145487785,0.00023825776588637382,confident_pneumonia
0,0.10648766905069351,0,0.3391083776950836,0.014087765477597713,uncertain_refer
1,0.9986068606376648,1,0.010553725995123386,1.1618253665801603e-05,confident_pneumonia
1,0.9855368733406067,1,0.07562603801488876,0.00016995420446619391,confident_pneumonia
1,0.9694892168045044,1,0.13651323318481445,0.0010155342752113938,confident_pneumonia
0,0.19140180945396423,0,0.4882493019104004,0.010280676186084747,uncertain_refer
1,0.9908815622329712,1,0.05191020295023918,7.317456766031682e-05,confident_pneumonia
0,0.07833269983530045,0,0.2746782600879669,0.0051618460565805435,confident_normal
1,0.9930793642997742,1,0.04131466895341873,8.891926700016484e-05,confident_pneumonia
0,0.040667541325092316,0,0.17005985975265503,0.001520011923275888,confident_normal
0,0.06635976582765579,0,0.24411934614181519,0.004227438010275364,confident_normal
1,0.9884692430496216,1,0.06292275339365005,0.0004694120434578508,confident_pneumonia
0,0.12495651096105576,0,0.3766855001449585,0.006115219555795193,uncertain_refer
0,0.20386791229248047,0,0.5057179927825928,0.004080002661794424,uncertain_refer
1,0.9964472651481628,1,0.023583974689245224,1.9513994629960507e-05,confident_pneumonia
0,0.042052797973155975,0,0.17441406846046448,0.0021776140201836824,confident_normal
0,0.9537444114685059,1,0.18733884394168854,0.0054404838010668755,confident_pneumonia
0,0.07792657613754272,0,0.27367591857910156,0.004105154890567064,confident_normal
1,0.9873654246330261,1,0.06778416782617569,0.0003492858668323606,confident_pneumonia
1,0.9980230331420898,1,0.014283985830843449,4.209953203826444e-06,confident_pneumonia
1,0.9934414625167847,1,0.03950667008757591,0.00010636438673827797,confident_pneumonia
0,0.15020230412483215,0,0.4230598211288452,0.006541834212839603,uncertain_refer
0,0.9783827066421509,1,0.10426829755306244,0.003759089158847928,confident_pneumonia
0,0.7575956583023071,1,0.5538355708122253,0.006322560366243124,uncertain_refer
0,0.029532387852668762,0,0.13311292231082916,0.001868039951659739,confident_normal
1,0.9937317967414856,1,0.03804250806570053,0.00022559580975212157,confident_pneumonia
0,0.9862684011459351,1,0.0725187435746193,0.0005300541524775326,confident_pneumonia
0,0.8296141624450684,1,0.4564974904060364,0.006505066528916359,uncertain_refer
1,0.986735999584198,1,0.07051195949316025,0.0020119124092161655,confident_pneumonia
1,0.9674776792526245,1,0.1434035450220108,0.0009743879199959338,confident_pneumonia
1,0.9961902499198914,1,0.025023523718118668,5.2380590204847977e-05,confident_pneumonia
1,0.8750990629196167,1,0.37657731771469116,0.005016995593905449,uncertain_refer
0,0.13396790623664856,0,0.39386048913002014,0.012762577272951603,uncertain_refer
0,0.9501808285713196,1,0.19798246026039124,0.0010826647048816085,confident_pneumonia
1,0.9958359003067017,1,0.02697991020977497,5.4256004659691826e-05,confident_pneumonia
1,0.9949793815612793,1,0.03158816322684288,2.703051723074168e-05,confident_pneumonia
1,0.9972387552261353,1,0.01902688667178154,2.582717024779413e-05,confident_pneumonia
1,0.9953311085700989,1,0.02971513755619526,5.317588511388749e-05,confident_pneumonia
0,0.2159157544374466,0,0.5216898322105408,0.010850884951651096,uncertain_refer
0,0.0659954696893692,0,0.24315506219863892,0.01027993019670248,confident_normal
0,0.25684410333633423,0,0.5697299838066101,0.007306130602955818,uncertain_refer
0,0.08047482371330261,0,0.2799275517463684,0.004228678531944752,confident_normal
1,0.9772944450378418,1,0.10838964581489563,0.001334030763246119,confident_pneumonia
1,0.778145432472229,1,0.5292451977729797,0.011904420331120491,uncertain_refer
0,0.023160655051469803,0,0.11009715497493744,0.001213825773447752,confident_normal
1,0.9978095889091492,1,0.015601355582475662,2.4797156584099866e-05,confident_pneumonia
0,0.9788163900375366,1,0.10261043906211853,0.00047861802158877254,confident_pneumonia
1,0.9876171350479126,1,0.06668451428413391,0.0012174212606623769,confident_pneumonia
0,0.20141613483428955,0,0.5023593306541443,0.0038987596053630114,uncertain_refer
1,0.9893690347671509,1,0.05888119712471962,0.0006229085847735405,confident_pneumonia
1,0.9952410459518433,1,0.030197201296687126,2.7982292522210628e-05,confident_pneumonia
1,0.9758726954460144,1,0.11369387060403824,0.0006424360908567905,confident_pneumonia
0,0.10315346717834473,0,0.3319571316242218,0.010901707224547863,confident_normal
0,0.10154354572296143,0,0.32846128940582275,0.011075329035520554,confident_normal
1,0.9664133191108704,1,0.14699684083461761,0.0007743604946881533,confident_pneumonia
1,0.9927268028259277,1,0.04305670037865639,0.0001030524872476235,confident_pneumonia
1,0.983842670917511,1,0.08268123865127563,0.0010974499164149165,confident_pneumonia
1,0.7923242449760437,1,0.5108609199523926,0.004177717957645655,uncertain_refer
0,0.9943656921386719,1,0.03479781746864319,0.00010353107791161165,confident_pneumonia
1,0.9981813430786133,1,0.013292103074491024,1.2890734979009721e-05,confident_pneumonia
1,0.9957658648490906,1,0.027362912893295288,5.0268034101463854e-05,confident_pneumonia
0,0.8191754221916199,1,0.4726415276527405,0.00545019144192338,uncertain_refer
0,0.9868534803390503,1,0.07000516355037689,0.00020509595924522728,confident_pneumonia
1,0.9825819730758667,1,0.08781280368566513,0.0008089300245046616,confident_pneumonia
0,0.34423723816871643,0,0.6438060998916626,0.008888197131454945,uncertain_refer
1,0.5447444915771484,1,0.6891376972198486,0.007220621220767498,uncertain_refer
1,0.9905422329902649,1,0.05349478870630264,0.00013365123595576733,confident_pneumonia
0,0.12681062519550323,0,0.3802785277366638,0.015670567750930786,uncertain_refer
1,0.9870275259017944,1,0.0692523941397667,0.00060266227228567,confident_pneumonia
0,0.04235074296593666,0,0.175344318151474,0.0019651497714221478,confident_normal
1,0.9508355855941772,1,0.19604751467704773,0.002860909327864647,confident_pneumonia
1,0.9700660705566406,1,0.13451242446899414,0.0016851440304890275,confident_pneumonia
1,0.9818099737167358,1,0.09090885519981384,0.001448614289984107,confident_pneumonia
0,0.21823084354400635,0,0.5246596932411194,0.008146274834871292,uncertain_refer
0,0.05622066184878349,0,0.21643933653831482,0.009457478299736977,confident_normal
1,0.9948903918266296,1,0.03205805644392967,2.508551551727578e-05,confident_pneumonia
1,0.9884738922119141,1,0.0629020631313324,0.00014964910224080086,confident_pneumonia
1,0.9719361066818237,1,0.12794628739356995,0.0004731915832962841,confident_pneumonia
0,0.956060528755188,1,0.18026798963546753,0.0009405359160155058,confident_pneumonia
1,0.997592568397522,1,0.01691940426826477,1.342926589131821e-05,confident_pneumonia
0,0.9824373126029968,1,0.08839556574821472,0.00011898171942448243,confident_pneumonia
0,0.8494571447372437,1,0.4236495792865753,0.007330470718443394,uncertain_refer
1,0.994221568107605,1,0.03554156422615051,0.00011917654046555981,confident_pneumonia
0,0.13620753586292267,0,0.39801886677742004,0.011675194837152958,uncertain_refer
1,0.6964644193649292,1,0.6138303279876709,0.012644830159842968,uncertain_refer
1,0.9662617444992065,1,0.1475057154893875,0.0006518164300359786,confident_pneumonia
0,0.9677160382270813,1,0.14259393513202667,0.0008587762131355703,confident_pneumonia
1,0.9800447225570679,1,0.09786500781774521,0.0003952699189539999,confident_pneumonia
0,0.9246069192886353,1,0.26737087965011597,0.0022167926654219627,confident_pneumonia
1,0.6671823263168335,1,0.6361561417579651,0.019852928817272186,uncertain_refer
1,0.9986647367477417,1,0.010171979665756226,3.4640020203369204e-06,confident_pneumonia
0,0.16996271908283234,0,0.45582708716392517,0.014223339967429638,uncertain_refer
1,0.9947906732559204,1,0.03258275240659714,0.00013054165174253285,confident_pneumonia
1,0.9973205327987671,1,0.018544046208262444,1.236139542015735e-05,confident_pneumonia
0,0.10947753489017487,0,0.34542158246040344,0.004011673852801323,uncertain_refer
1,0.9941369891166687,1,0.035976342856884,0.0002905487490352243,confident_pneumonia
1,0.9039071798324585,1,0.31641221046447754,0.010402805171906948,confident_pneumonia
0,0.15371470153331757,0,0.42909887433052063,0.008197516202926636,uncertain_refer
0,0.19724270701408386,0,0.49655622243881226,0.010612061247229576,uncertain_refer
0,0.6466543674468994,1,0.6494931578636169,0.011653841473162174,uncertain_refer
0,0.13351410627365112,0,0.3930127024650574,0.01113803219050169,uncertain_refer
0,0.16781803965568542,0,0.4524095058441162,0.005528290290385485,uncertain_refer
0,0.9757556915283203,1,0.11412650346755981,0.00035206336178816855,confident_pneumonia
1,0.9315223693847656,1,0.24968314170837402,0.0020880461670458317,confident_pneumonia
1,0.99696284532547,1,0.020638419315218925,1.9088181943516247e-05,confident_pneumonia
0,0.9520946741104126,1,0.19230079650878906,0.0027547148056328297,confident_pneumonia
1,0.9477180242538452,1,0.2051803469657898,0.002198442118242383,confident_pneumonia
0,0.04723948985338211,0,0.1903054267168045,0.0019316921243444085,confident_normal
1,0.945156455039978,1,0.21253702044487,0.002853865036740899,confident_pneumonia
1,0.9973330497741699,1,0.018469924107193947,1.0194597962254193e-05,confident_pneumonia
1,0.9885936975479126,1,0.06236811727285385,0.0005827871500514448,confident_pneumonia
1,0.9926288723945618,1,0.04353748634457588,0.00020039630180690438,confident_pneumonia
1,0.9927803874015808,1,0.042793065309524536,8.858491491992027e-05,confident_pneumonia
1,0.8900190591812134,1,0.3464754819869995,0.005044159479439259,uncertain_refer
1,0.9962167739868164,1,0.024875786155462265,4.973722025169991e-05,confident_pneumonia
0,0.05631173774600029,0,0.2166961431503296,0.009702671319246292,confident_normal
0,0.8970073461532593,1,0.33160918951034546,0.0018684322712942958,confident_pneumonia
1,0.9951173663139343,1,0.030856415629386902,7.64545620768331e-05,confident_pneumonia
1,0.9960956573486328,1,0.025548890233039856,0.00011254004493821412,confident_pneumonia
0,0.06364049017429352,0,0.23686912655830383,0.010297173634171486,confident_normal
0,0.9947999715805054,1,0.032533910125494,0.00011545656889211386,confident_pneumonia
0,0.5811551213264465,1,0.6799163818359375,0.009325328283011913,uncertain_refer
1,0.9826075434684753,1,0.08770966529846191,0.00039996617124415934,confident_pneumonia
1,0.7571741938591003,1,0.5543153882026672,0.0078071970492601395,uncertain_refer
1,0.9359297752380371,1,0.238023042678833,0.0016117177437990904,confident_pneumonia
1,0.9833976626396179,1,0.0845036432147026,0.0017326951492577791,confident_pneumonia
1,0.9716968536376953,1,0.12879332900047302,0.0029374416917562485,confident_pneumonia
1,0.9970697164535522,1,0.020017322152853012,1.3223108908277936e-05,confident_pneumonia
1,0.9912687540054321,1,0.05008652061223984,0.0005705280927941203,confident_pneumonia
0,0.10989117622375488,0,0.3462877869606018,0.0050989966839551926,uncertain_refer
1,0.980860710144043,1,0.09467021375894547,0.0002618461730889976,confident_pneumonia
1,0.586124062538147,1,0.6782382130622864,0.011849237605929375,uncertain_refer
0,0.6988195180892944,1,0.6118612289428711,0.01022144965827465,uncertain_refer
1,0.9931944608688354,1,0.040742095559835434,3.6091187212150544e-05,confident_pneumonia
0,0.8895286321640015,1,0.34749969840049744,0.004507747013121843,uncertain_refer
1,0.5543113946914673,1,0.6872360706329346,0.008760105818510056,uncertain_refer
1,0.9873274564743042,1,0.06794960051774979,0.0008328328840434551,confident_pneumonia
1,0.8136723637580872,1,0.48085397481918335,0.004704833496361971,uncertain_refer
1,0.9651589393615723,1,0.15118692815303802,0.0016483183717355132,confident_pneumonia
1,0.9951403737068176,1,0.030734024941921234,5.1870225433958694e-05,confident_pneumonia
0,0.9867720603942871,1,0.07035651057958603,0.0003665995900519192,confident_pneumonia
0,0.09287874400615692,0,0.3091481029987335,0.010535702109336853,confident_normal
0,0.47828206419944763,0,0.6922035813331604,0.0176197811961174,uncertain_refer
1,0.9973798990249634,1,0.01819196715950966,2.7299593057250604e-05,confident_pneumonia
0,0.5096644163131714,1,0.6929603815078735,0.01679798774421215,uncertain_refer
1,0.9315199851989746,1,0.24968935549259186,0.0034491897094994783,confident_pneumonia
0,0.053979359567165375,0,0.21006953716278076,0.0026955362409353256,confident_normal
1,0.9872866868972778,1,0.0681271106004715,0.00022222736151888967,confident_pneumonia
1,0.9891263246536255,1,0.05997869372367859,0.00017533429490868002,confident_pneumonia
0,0.10145151615142822,0,0.328260600566864,0.005203002132475376,confident_normal
0,0.9851816892623901,1,0.07712109386920929,0.0004958015633746982,confident_pneumonia
1,0.9561411142349243,1,0.18001970648765564,0.0019666110165417194,confident_pneumonia
1,0.9842926263809204,1,0.08082589507102966,0.0010361961321905255,confident_pneumonia
1,0.9958620071411133,1,0.026836838573217392,8.52880475576967e-05,confident_pneumonia
0,0.7773520350456238,1,0.5302389860153198,0.011375543661415577,uncertain_refer
1,0.966776967048645,1,0.14577314257621765,0.0008143029408529401,confident_pneumonia
1,0.69656902551651,1,0.6137433648109436,0.015196879394352436,uncertain_refer
1,0.9570297002792358,1,0.17727166414260864,0.012083948589861393,confident_pneumonia
1,0.9919033050537109,1,0.047059934586286545,0.00011901926336577162,confident_pneumonia
1,0.8471168279647827,1,0.42767781019210815,0.008111530914902687,uncertain_refer
1,0.9692873954772949,1,0.13721059262752533,0.0010563002433627844,confident_pneumonia
1,0.9419384002685547,1,0.22160029411315918,0.004757263697683811,confident_pneumonia
1,0.987878680229187,1,0.06553638726472855,0.000908220186829567,confident_pneumonia
0,0.6871827840805054,1,0.6213362216949463,0.015888400375843048,uncertain_refer
1,0.9579430818557739,1,0.17442694306373596,0.0008278905879706144,confident_pneumonia
0,0.17936673760414124,0,0.4704318642616272,0.012513596564531326,uncertain_refer
1,0.9907749891281128,1,0.05240922421216965,0.00024313354515470564,confident_pneumonia
1,0.9956378936767578,1,0.02805975452065468,6.403933366527781e-05,confident_pneumonia
1,0.9168031811714172,1,0.2865085303783417,0.002729381900280714,confident_pneumonia
1,0.9825235605239868,1,0.08804826438426971,0.0006352645577862859,confident_pneumonia
1,0.9879304766654968,1,0.0653083473443985,0.0019600947853177786,confident_pneumonia
1,0.9967109560966492,1,0.022087613120675087,2.8326645406195894e-05,confident_pneumonia
0,0.06241685152053833,0,0.23356643319129944,0.0031577504705637693,confident_normal
1,0.9890762567520142,1,0.0602044053375721,0.0005421399255283177,confident_pneumonia
1,0.9919692277908325,1,0.046742700040340424,5.0748541980283335e-05,confident_pneumonia
0,0.1766054332256317,0,0.4662069082260132,0.00820871815085411,uncertain_refer
0,0.6628259420394897,1,0.6391432285308838,0.007933326996862888,uncertain_refer
0,0.15150630474090576,0,0.4253130555152893,0.008979645557701588,uncertain_refer
1,0.9048792719841003,1,0.3142279088497162,0.01308021042495966,confident_pneumonia
0,0.09227317571640015,0,0.30776581168174744,0.01141073927283287,confident_normal
1,0.9921969175338745,1,0.04564275965094566,0.00010315510735381395,confident_pneumonia
0,0.10674621909856796,0,0.3396579623222351,0.002121785655617714,uncertain_refer
1,0.9969965219497681,1,0.02044311724603176,2.6173738660872914e-05,confident_pneumonia
1,0.9960297346115112,1,0.02591366320848465,5.4341166105587035e-05,confident_pneumonia
0,0.9448318481445312,1,0.21346011757850647,0.0024748172145336866,confident_pneumonia
1,0.9963518381118774,1,0.024120572954416275,3.854439273709431e-05,confident_pneumonia
0,0.9855278134346008,1,0.07566428929567337,0.000387800857424736,confident_pneumonia
0,0.8738149404525757,1,0.3790697753429413,0.008295498788356781,uncertain_refer
1,0.9845433235168457,1,0.07978653162717819,0.0009646244579926133,confident_pneumonia
0,0.2678494453430176,0,0.5811080932617188,0.007987872697412968,uncertain_refer
1,0.9916796684265137,1,0.04813212901353836,8.571318903705105e-05,confident_pneumonia
0,0.10021410137414932,0,0.32555317878723145,0.004072537180036306,confident_normal
0,0.31859007477760315,0,0.6258021593093872,0.01630293019115925,uncertain_refer
1,0.9822397232055664,1,0.0891895741224289,0.0007447483367286623,confident_pneumonia
0,0.40942636132240295,0,0.6766490936279297,0.008641940541565418,uncertain_refer
0,0.1801028698682785,0,0.47154945135116577,0.012431133538484573,uncertain_refer
1,0.9762963056564331,1,0.11212268471717834,0.00044112085015513003,confident_pneumonia
1,0.9496257901191711,1,0.19961561262607574,0.003002640325576067,confident_pneumonia
0,0.3425847589969635,0,0.6427350044250488,0.019880667328834534,uncertain_refer
1,0.9864463806152344,1,0.07175684720277786,0.0005616684211418033,confident_pneumonia
1,0.9934166073799133,1,0.03963140770792961,7.242648280225694e-05,confident_pneumonia
1,0.97831791639328,1,0.1045152097940445,0.0003522645856719464,confident_pneumonia
1,0.9401518106460571,1,0.22654962539672852,0.007047279737889767,confident_pneumonia
1,0.27230921387672424,0,0.5855420827865601,0.012548026628792286,uncertain_refer
1,0.9912269711494446,1,0.050284139811992645,0.0001044654636643827,confident_pneumonia
1,0.9839664697647095,1,0.08217205852270126,0.00036235764855518937,confident_pneumonia
0,0.03717739135026932,0,0.15886756777763367,0.002046748762950301,confident_normal
1,0.9672635197639465,1,0.14412939548492432,0.00204917648807168,confident_pneumonia
1,0.9819331169128418,1,0.09041728079319,0.00024547468638047576,confident_pneumonia
1,0.8381716012954712,1,0.44268935918807983,0.009696993976831436,uncertain_refer
0,0.9272279739379883,1,0.26075100898742676,0.003912628162652254,confident_pneumonia
1,0.9942264556884766,1,0.0355163998901844,7.621518307132646e-05,confident_pneumonia
1,0.9816838502883911,1,0.09141145646572113,0.0015985060017555952,confident_pneumonia
0,0.5359713435173035,1,0.690557062625885,0.0034828304778784513,uncertain_refer
0,0.26380401849746704,0,0.5769983530044556,0.012364443391561508,uncertain_refer
1,0.9944103360176086,1,0.03456668555736542,0.00024690479040145874,confident_pneumonia
1,0.9836082458496094,1,0.08364278823137283,0.0002605994523037225,confident_pneumonia
1,0.9638723134994507,1,0.15543614327907562,0.0016718007391318679,confident_pneumonia
1,0.9830930829048157,1,0.08574394881725311,0.00043059943709522486,confident_pneumonia
0,0.07526188343763351,0,0.2670419216156006,0.003654849249869585,confident_normal
1,0.9525531530380249,1,0.1909278929233551,0.007326748222112656,confident_pneumonia
0,0.09289447963237762,0,0.3091839551925659,0.010488037951290607,confident_normal
0,0.6910996437072754,1,0.618217945098877,0.015941280871629715,uncertain_refer
1,0.9972488284111023,1,0.01896754465997219,6.340799700410571e-06,confident_pneumonia
1,0.9975578188896179,1,0.017128583043813705,9.128657438850496e-06,confident_pneumonia
1,0.9797453880310059,1,0.09902837127447128,0.00034529436379671097,confident_pneumonia
1,0.9888135194778442,1,0.06138508766889572,0.0004946791450493038,confident_pneumonia
1,0.986192524433136,1,0.07284285128116608,0.0003146773378830403,confident_pneumonia
0,0.9335654377937317,1,0.24431705474853516,0.002530686790123582,confident_pneumonia
1,0.9814707040786743,1,0.09225884079933167,0.0009784395806491375,confident_pneumonia
1,0.9929402470588684,1,0.042004168033599854,0.0001597656519152224,confident_pneumonia
1,0.9821569323539734,1,0.0895216166973114,0.0029981140978634357,confident_pneumonia
1,0.992741584777832,1,0.0429840162396431,0.00013501258217729628,confident_pneumonia
0,0.2511138319969177,0,0.5635554790496826,0.012329370714724064,uncertain_refer
1,0.9888025522232056,1,0.06143423169851303,0.0002868731098715216,confident_pneumonia
0,0.689364492893219,1,0.6196082234382629,0.013148030266165733,uncertain_refer
0,0.12197983264923096,0,0.37085118889808655,0.004803732968866825,uncertain_refer
0,0.24306848645210266,0,0.554591178894043,0.00943946186453104,uncertain_refer
1,0.9963338971138,1,0.02422117441892624,2.1494732209248468e-05,confident_pneumonia
1,0.986046314239502,1,0.07346618920564651,0.00035987436422146857,confident_pneumonia
0,0.15347330272197723,0,0.42868688702583313,0.01216284092515707,uncertain_refer
1,0.9982511401176453,1,0.012850475497543812,7.962827112351079e-06,confident_pneumonia
1,0.9960071444511414,1,0.026038408279418945,4.5999648136785254e-05,confident_pneumonia
1,0.93316650390625,1,0.2453700602054596,0.0027676222380250692,confident_pneumonia
1,0.9596823453903198,1,0.1689523607492447,0.0006991145783104002,confident_pneumonia
0,0.5894432663917542,1,0.6770604848861694,0.020249556750059128,uncertain_refer
1,0.9759103059768677,1,0.1135546863079071,0.0008874883642420173,confident_pneumonia
0,0.09622491151094437,0,0.31670817732810974,0.008801529183983803,confident_normal
0,0.7640954256057739,1,0.5463130474090576,0.012586508877575397,uncertain_refer
1,0.9970566034317017,1,0.02009373903274536,3.833192022284493e-05,confident_pneumonia
1,0.9792701005935669,1,0.10086631774902344,0.0004635748628061265,confident_pneumonia
1,0.9946902990341187,1,0.03310896083712578,0.00011560566781554371,confident_pneumonia
0,0.08047588169574738,0,0.27993008494377136,0.0024316213093698025,confident_normal
1,0.969213604927063,1,0.1374652236700058,0.001292053028009832,confident_pneumonia
1,0.970733642578125,1,0.13218262791633606,0.00251993490383029,confident_pneumonia
1,0.9915710687637329,1,0.048650600016117096,0.0004793134576175362,confident_pneumonia
1,0.9957066774368286,1,0.027685683220624924,0.00011216777784284204,confident_pneumonia
1,0.9956161379814148,1,0.028177842497825623,4.5153901737648994e-05,confident_pneumonia
1,0.5332382917404175,1,0.6909359693527222,0.018176427111029625,uncertain_refer
1,0.9873982667922974,1,0.06764098256826401,0.00019023494678549469,confident_pneumonia
1,0.9851237535476685,1,0.07736413180828094,0.00047137244837358594,confident_pneumonia
1,0.9932751655578613,1,0.04033944010734558,0.0002525491872802377,confident_pneumonia
0,0.9830276370048523,1,0.08600972592830658,0.00037480026367120445,confident_pneumonia
1,0.9823072552680969,1,0.08891846239566803,0.0010594043415039778,confident_pneumonia
0,0.8588896989822388,1,0.4069738984107971,0.007403523661196232,uncertain_refer
0,0.10415758192539215,0,0.3341232240200043,0.011370076797902584,confident_normal
1,0.9879010915756226,1,0.06543774902820587,0.00043818747508339584,confident_pneumonia
0,0.1665220558643341,0,0.45032840967178345,0.0060400934889912605,uncertain_refer
0,0.917822003364563,1,0.2840568423271179,0.006253601051867008,confident_pneumonia
1,0.9807500839233398,1,0.09510538727045059,0.0004724075261037797,confident_pneumonia
1,0.9679880142211914,1,0.1416679322719574,0.0006581940688192844,confident_pneumonia
1,0.9965556859970093,1,0.02297118492424488,3.094698695349507e-05,confident_pneumonia
0,0.2464969903230667,0,0.5584538578987122,0.010184303857386112,uncertain_refer
1,0.9942495226860046,1,0.035397592931985855,5.508444883162156e-05,confident_pneumonia
0,0.05618196725845337,0,0.21633018553256989,0.003516682656481862,confident_normal
1,0.9311972856521606,1,0.250530868768692,0.002261024434119463,confident_pneumonia
1,0.9982659220695496,1,0.01275659166276455,5.729818894906202e-06,confident_pneumonia
1,0.9894506335258484,1,0.05851096659898758,0.0006170477136038244,confident_pneumonia
0,0.039808548986911774,0,0.16733524203300476,0.0014415520709007978,confident_normal
1,0.9332111477851868,1,0.24525237083435059,0.004041742533445358,confident_pneumonia
1,0.8711338043212891,1,0.3842256963253021,0.010375237092375755,uncertain_refer
1,0.9914328455924988,1,0.04930846020579338,0.00022202164109330624,confident_pneumonia
1,0.9965395927429199,1,0.023062357679009438,9.615023009246215e-05,confident_pneumonia
1,0.9698165655136108,1,0.13537922501564026,0.0007079780916683376,confident_pneumonia
1,0.9985330700874329,1,0.01103695947676897,6.153110007289797e-06,confident_pneumonia
0,0.08211628347635269,0,0.2839079201221466,0.008597142994403839,confident_normal
1,0.9852226376533508,1,0.07694917172193527,0.0010288652265444398,confident_pneumonia
0,0.9647120237350464,1,0.15266840159893036,0.0024303721729665995,confident_pneumonia
1,0.9987591505050659,1,0.00954379327595234,2.9651437216671184e-06,confident_pneumonia
1,0.9914588928222656,1,0.04918466508388519,0.00013395529822446406,confident_pneumonia
1,0.9805351495742798,1,0.09594903886318207,0.0004373661649879068,confident_pneumonia
1,0.9982229471206665,1,0.013029191642999649,1.2329597666393965e-05,confident_pneumonia
1,0.9876327514648438,1,0.06661611050367355,0.0004580796812660992,confident_pneumonia
0,0.6948509812355042,1,0.6151641011238098,0.011775663122534752,uncertain_refer
0,0.9538412094116211,1,0.18704581260681152,0.0011255954159423709,confident_pneumonia
1,0.9990564584732056,1,0.007515684235841036,2.253924321848899e-06,confident_pneumonia
1,0.995215892791748,1,0.030331525951623917,0.00015591962437611073,confident_pneumonia
1,0.9977301359176636,1,0.01608629710972309,1.3524714631785173e-05,confident_pneumonia
1,0.9959636926651001,1,0.026277992874383926,2.956092248496134e-05,confident_pneumonia
1,0.9958209991455078,1,0.027061499655246735,7.200267282314599e-05,confident_pneumonia
0,0.16296495497226715,0,0.4445539116859436,0.013407443650066853,uncertain_refer
1,0.9962480664253235,1,0.024701252579689026,8.57257837196812e-05,confident_pneumonia
1,0.9953466653823853,1,0.02963169291615486,5.320168929756619e-05,confident_pneumonia
1,0.9993812441825867,1,0.005189808551222086,1.4412391919904621e-06,confident_pneumonia
0,0.07766896486282349,0,0.27303892374038696,0.009590329602360725,confident_normal
0,0.17909300327301025,0,0.47001540660858154,0.007807875983417034,uncertain_refer
1,0.9963536262512207,1,0.024110542610287666,5.451084871310741e-05,confident_pneumonia
1,0.9983562231063843,1,0.012180281803011894,9.08433230506489e-06,confident_pneumonia
0,0.07020951807498932,0,0.25418055057525635,0.010337318293750286,confident_normal
0,0.11210958659648895,0,0.35090333223342896,0.021793685853481293,uncertain_refer
1,0.9931467771530151,1,0.0409795418381691,0.00010877101158257574,confident_pneumonia
0,0.9836996793746948,1,0.0832681655883789,0.0001713465608190745,confident_pneumonia
0,0.1310802698135376,0,0.38843512535095215,0.004257743246853352,uncertain_refer
1,0.9967835545539856,1,0.02167198620736599,1.4371868928719778e-05,confident_pneumonia
1,0.9809190630912781,1,0.09444040805101395,0.0003241349768359214,confident_pneumonia
1,0.9820696115493774,1,0.08987139165401459,0.0009262922685593367,confident_pneumonia
1,0.9992414712905884,1,0.006207609549164772,9.445439559385704e-07,confident_pneumonia
1,0.9771348834037781,1,0.10898937284946442,0.000775624648667872,confident_pneumonia
1,0.9848596453666687,1,0.0784691646695137,0.000673991977237165,confident_pneumonia
1,0.9905785322189331,1,0.053325872868299484,0.0001313122920691967,confident_pneumonia
0,0.060504376888275146,0,0.2283530831336975,0.0015774740604683757,confident_normal
1,0.9555314183235168,1,0.18189433217048645,0.00574305048212409,confident_pneumonia
0,0.04121894761919975,0,0.17179885506629944,0.0016178919468075037,confident_normal
0,0.8538411855697632,1,0.41598787903785706,0.003636850044131279,uncertain_refer
1,0.9852425456047058,1,0.0768655464053154,0.002283722860738635,confident_pneumonia
0,0.9962212443351746,1,0.024850867688655853,0.00015119925956241786,confident_pneumonia
1,0.9485680460929871,1,0.20271015167236328,0.000886100810021162,confident_pneumonia
0,0.06804219633340836,0,0.24854505062103271,0.0035979978274554014,confident_normal
1,0.966629683971405,1,0.14626926183700562,0.0010019951732829213,confident_pneumonia
1,0.950800895690918,1,0.1961502730846405,0.0012158517492935061,confident_pneumonia
0,0.07509543746709824,0,0.2666241526603699,0.004146368708461523,confident_normal
0,0.09275759011507034,0,0.308871865272522,0.01620371825993061,confident_normal
0,0.37756192684173584,0,0.6628580093383789,0.007075946312397718,uncertain_refer
0,0.9689356088638306,1,0.13842284679412842,0.0007960904622450471,confident_pneumonia
1,0.9891034960746765,1,0.060081638395786285,0.00012355005310382694,confident_pneumonia
0,0.9912034273147583,1,0.050395406782627106,0.0006101122708059847,confident_pneumonia
1,0.6705642938613892,1,0.6337783336639404,0.009430128149688244,uncertain_refer
0,0.09238290786743164,0,0.3080165982246399,0.005164026282727718,confident_normal
1,0.9876009821891785,1,0.06675523519515991,0.0004702636506408453,confident_pneumonia
0,0.05849983170628548,0,0.22281962633132935,0.003473203629255295,confident_normal
0,0.04731032997369766,0,0.19051821529865265,0.009805932641029358,confident_normal
0,0.8055219650268555,1,0.49265140295028687,0.01699681766331196,uncertain_refer
1,0.995627224445343,1,0.028117680922150612,2.7252073778072372e-05,confident_pneumonia
1,0.9983733892440796,1,0.01207017246633768,9.040528311743401e-06,confident_pneumonia
1,0.9934341311454773,1,0.03954347223043442,3.4159958886448294e-05,confident_pneumonia
0,0.2300368845462799,0,0.5393208861351013,0.013090677559375763,uncertain_refer
0,0.7287594079971313,1,0.5844888687133789,0.016102436929941177,uncertain_refer
0,0.1277400255203247,0,0.38206788897514343,0.004975876305252314,uncertain_refer
1,0.9224978685379028,1,0.2726259231567383,0.0035358783788979053,confident_pneumonia
0,0.7556936144828796,1,0.5559931993484497,0.005593911744654179,uncertain_refer
1,0.9776097536087036,1,0.10720115154981613,0.0009233889286406338,confident_pneumonia
0,0.23658260703086853,0,0.5471086502075195,0.015228919684886932,uncertain_refer
1,0.9866514205932617,1,0.07087616622447968,0.000272581324679777,confident_pneumonia
0,0.6811511516571045,1,0.6259987354278564,0.009342902339994907,uncertain_refer
1,0.8711069226264954,1,0.3842770457267761,0.004585549235343933,uncertain_refer
1,0.9941190481185913,1,0.03606840968132019,3.953462510253303e-05,confident_pneumonia
1,0.9917528033256531,1,0.04778217151761055,0.00017928059969563037,confident_pneumonia
1,0.9915915727615356,1,0.048552822321653366,0.0006752155022695661,confident_pneumonia
1,0.8875389099121094,1,0.3516300916671753,0.005193374119699001,uncertain_refer
1,0.9500700235366821,1,0.1983090043067932,0.001242783386260271,confident_pneumonia
1,0.9975317120552063,1,0.017285408452153206,1.502154646004783e-05,confident_pneumonia
1,0.9776975512504578,1,0.1068694069981575,0.0014843480894342065,confident_pneumonia
1,0.9926868677139282,1,0.04325292259454727,0.00015221841749735177,confident_pneumonia
0,0.09147420525550842,0,0.3059353828430176,0.01195002906024456,confident_normal
1,0.9854377508163452,1,0.07604415714740753,0.001040386501699686,confident_pneumonia
0,0.2930666506290436,0,0.6048747301101685,0.013346603140234947,uncertain_refer
0,0.4239058494567871,0,0.6815214157104492,0.01924576610326767,uncertain_refer
0,0.0975639671087265,0,0.3196972608566284,0.016695445403456688,confident_normal
1,0.8680139780044556,1,0.3901446759700775,0.01150723360478878,uncertain_refer
0,0.23971028625965118,0,0.5507457256317139,0.01253030076622963,uncertain_refer
1,0.9745060801506042,1,0.11871138215065002,0.001037626643665135,confident_pneumonia
1,0.9927179217338562,1,0.04310035705566406,0.0001500956277595833,confident_pneumonia
1,0.9952524304389954,1,0.030136359855532646,5.3294086683308706e-05,confident_pneumonia
1,0.9941549301147461,1,0.03588421642780304,0.00029652396915480494,confident_pneumonia
1,0.9747371673583984,1,0.1178683415055275,0.0003005808393936604,confident_pneumonia
1,0.9948102235794067,1,0.03248003497719765,3.108069358859211e-05,confident_pneumonia
1,0.9961868524551392,1,0.02504243142902851,3.449213181738742e-05,confident_pneumonia
1,0.9807203412055969,1,0.09522227942943573,0.0023300694301724434,confident_pneumonia
0,0.9882127642631531,1,0.06406152248382568,0.0002737052273005247,confident_pneumonia
1,0.9958502054214478,1,0.02690153568983078,6.579909677384421e-05,confident_pneumonia
1,0.9969495534896851,1,0.02071540057659149,2.766697434708476e-05,confident_pneumonia
1,0.9871017336845398,1,0.0689307227730751,0.0004332322278060019,confident_pneumonia
1,0.990827202796936,1,0.052164893597364426,0.0001552841713419184,confident_pneumonia
0,0.8917828798294067,1,0.3427714705467224,0.0035253679379820824,uncertain_refer
0,0.19305606186389923,0,0.4906240701675415,0.008538596332073212,uncertain_refer
0,0.043516166508197784,0,0.17896205186843872,0.00183822400867939,confident_normal
1,0.988150417804718,1,0.06433747708797455,0.0017637129640206695,confident_pneumonia
1,0.9989302754402161,1,0.008386447094380856,4.124628048884915e-06,confident_pneumonia
0,0.06927227973937988,0,0.25175246596336365,0.017337094992399216,confident_normal
1,0.9715898633003235,1,0.1291714459657669,0.00036192138213664293,confident_pneumonia
1,0.9830415844917297,1,0.08595310896635056,0.0007961782393977046,confident_pneumonia
1,0.8995844721794128,1,0.3259950280189514,0.003906845580786467,confident_pneumonia
1,0.9069147109985352,1,0.3096185326576233,0.0018265568651258945,confident_pneumonia
1,0.9480504989624023,1,0.2042158991098404,0.007689257618039846,confident_pneumonia
1,0.98711097240448,1,0.06889064610004425,0.0008694699499756098,confident_pneumonia
1,0.994371235370636,1,0.03476913645863533,4.6049972297623754e-05,confident_pneumonia
0,0.5923406481742859,1,0.6759953498840332,0.013723472133278847,uncertain_refer
1,0.986336350440979,1,0.07222814857959747,0.00033312910818494856,confident_pneumonia
1,0.9978235960006714,1,0.015515566803514957,3.743989145732485e-05,confident_pneumonia
0,0.06005464866757393,0,0.2271178662776947,0.0033853237982839346,confident_normal
1,0.894132137298584,1,0.337787926197052,0.00490003963932395,uncertain_refer
0,0.5079461336135864,1,0.6930208206176758,0.012249854393303394,uncertain_refer
1,0.835662841796875,1,0.4467923939228058,0.0029198480769991875,uncertain_refer
0,0.1377694457769394,0,0.4008936285972595,0.015712104737758636,uncertain_refer
1,0.9978659749031067,1,0.015255458652973175,1.3369812222663313e-05,confident_pneumonia
0,0.050058700144290924,0,0.1986880600452423,0.0028487250674515963,confident_normal
1,0.9964151382446289,1,0.02376491203904152,1.8721717424341477e-05,confident_pneumonia
1,0.9840200543403625,1,0.08195135742425919,0.00022085914679337293,confident_pneumonia
1,0.9929773211479187,1,0.04182069003582001,0.00011027520667994395,confident_pneumonia
1,0.9897443652153015,1,0.05717293545603752,0.00014940710389055312,confident_pneumonia
1,0.7873802781105042,1,0.5174070000648499,0.009991541504859924,uncertain_refer
0,0.9654554128646851,1,0.15020090341567993,0.000683398568071425,confident_pneumonia
0,0.7762360572814941,1,0.5316307544708252,0.007572215981781483,uncertain_refer
1,0.9939153790473938,1,0.037109751254320145,7.672762149013579e-05,confident_pneumonia
1,0.9979299306869507,1,0.014861312694847584,9.986537406803109e-06,confident_pneumonia
0,0.04767199233174324,0,0.1916026473045349,0.0030593127012252808,confident_normal
1,0.9588257074356079,1,0.17165832221508026,0.002130047883838415,confident_pneumonia
1,0.995827317237854,1,0.027026910334825516,1.867606260930188e-05,confident_pneumonia
0,0.13784246146678925,0,0.40102750062942505,0.011486208997666836,uncertain_refer
1,0.9959966540336609,1,0.026096291840076447,5.4892552725505084e-05,confident_pneumonia
1,0.9935479164123535,1,0.038971349596977234,0.00018050278595183045,confident_pneumonia
1,0.9881380796432495,1,0.06439204514026642,0.0003021558513864875,confident_pneumonia
1,0.9292981028556824,1,0.2554507851600647,0.0017774197040125728,confident_pneumonia
1,0.9813944697380066,1,0.09256131201982498,0.00033470653579570353,confident_pneumonia
0,0.9739867448806763,1,0.12059818208217621,0.0007258635596372187,confident_pneumonia
0,0.262737900018692,0,0.575901210308075,0.01349120493978262,uncertain_refer
0,0.6639362573623657,1,0.6383900046348572,0.01568172499537468,uncertain_refer
0,0.1055205836892128,0,0.3370463252067566,0.022460972890257835,uncertain_refer
0,0.18910355865955353,0,0.4849205017089844,0.006869787350296974,uncertain_refer
1,0.9967824816703796,1,0.02167814038693905,3.9686448872089386e-05,confident_pneumonia
0,0.06679443269968033,0,0.2452670931816101,0.0030183298513293266,confident_normal
0,0.9950810670852661,1,0.03104928880929947,2.911220144596882e-05,confident_pneumonia
1,0.9976924657821655,1,0.016315238550305367,3.447915514698252e-05,confident_pneumonia
1,0.991559624671936,1,0.04870515316724777,0.00010078636114485562,confident_pneumonia
1,0.995932936668396,1,0.026447290554642677,7.38270246074535e-05,confident_pneumonia
1,0.9970887899398804,1,0.019906068220734596,4.0574126614956185e-05,confident_pneumonia
0,0.1497807800769806,0,0.4223285913467407,0.005267901346087456,uncertain_refer
0,0.10081887245178223,0,0.32687851786613464,0.01638486050069332,confident_normal
0,0.09816521406173706,0,0.32103270292282104,0.01669066585600376,confident_normal
0,0.18326511979103088,0,0.47630858421325684,0.012672529555857182,uncertain_refer
0,0.9546858668327332,1,0.18447966873645782,0.0019756886176764965,confident_pneumonia
1,0.9986956715583801,1,0.009966913610696793,3.7001077544118743e-06,confident_pneumonia
0,0.17819122970104218,0,0.46863967180252075,0.009731697849929333,uncertain_refer
1,0.8319287300109863,1,0.4528147578239441,0.007216336205601692,uncertain_refer
1,0.9782477617263794,1,0.104782335460186,0.002106369473040104,confident_pneumonia
1,0.9806417226791382,1,0.09553103148937225,0.0005883671692572534,confident_pneumonia
1,0.9513600468635559,1,0.19449102878570557,0.004075995180755854,confident_pneumonia
0,0.9158920049667358,1,0.28868961334228516,0.004147909115999937,confident_pneumonia
1,0.9950764775276184,1,0.03107365593314171,5.037412483943626e-05,confident_pneumonia
1,0.9939314126968384,1,0.03702802583575249,4.882266512140632e-05,confident_pneumonia
1,0.9331572651863098,1,0.24539443850517273,0.0024615488946437836,confident_pneumonia
0,0.1007702574133873,0,0.3267720937728882,0.00505778007209301,confident_normal
1,0.9933721423149109,1,0.03985431790351868,5.818572026328184e-05,confident_pneumonia
1,0.8705054521560669,1,0.38542473316192627,0.004836860578507185,uncertain_refer
1,0.9984510540962219,1,0.011569704860448837,3.706665665959008e-06,confident_pneumonia
1,0.9909918904304504,1,0.05139227584004402,0.000326556502841413,confident_pneumonia
0,0.3373776376247406,0,0.6392807960510254,0.013487473130226135,uncertain_refer
0,0.13879485428333282,0,0.4027697443962097,0.012974695302546024,uncertain_refer
1,0.9599981307983398,1,0.1679500788450241,0.011923507787287235,confident_pneumonia
1,0.996102511882782,1,0.025510897859930992,4.72276151413098e-05,confident_pneumonia
0,0.9873002171516418,1,0.06806821376085281,0.0009272717288695276,confident_pneumonia
1,0.9936156272888184,1,0.03862994164228439,0.0001239856646861881,confident_pneumonia
1,0.9924599528312683,1,0.044363733381032944,0.00012853469524998218,confident_pneumonia
0,0.1415911614894867,0,0.40784144401550293,0.0050055221654474735,uncertain_refer
1,0.9919922947883606,1,0.04663155972957611,0.00024106122145894915,confident_pneumonia
0,0.9977871179580688,1,0.015738796442747116,1.0604745511955116e-05,confident_pneumonia
0,0.06089869886636734,0,0.22943320870399475,0.009861154481768608,confident_normal
1,0.9593268632888794,1,0.17007756233215332,0.0030957856215536594,confident_pneumonia
1,0.9743094444274902,1,0.11942704766988754,0.0007802390609867871,confident_pneumonia
0,0.3849131464958191,0,0.666418194770813,0.01469456683844328,uncertain_refer
0,0.049058105796575546,0,0.1957324743270874,0.009113236330449581,confident_normal
1,0.9991939663887024,1,0.006547396071255207,2.122644900737214e-06,confident_pneumonia
1,0.9458867311477661,1,0.2104528546333313,0.004148445557802916,confident_pneumonia
1,0.9982876777648926,1,0.01261818502098322,1.0219296200375538e-05,confident_pneumonia
0,0.23980431258678436,0,0.5508542060852051,0.012426946312189102,uncertain_refer
1,0.998604416847229,1,0.010569790378212929,2.261298959638225e-06,confident_pneumonia
0,0.0737459659576416,0,0.2632225751876831,0.0018771729664877057,confident_normal
1,0.9790328145027161,1,0.10177972912788391,0.0010612563928589225,confident_pneumonia
0,0.412325382232666,0,0.6776937246322632,0.01326321717351675,uncertain_refer
1,0.9967615008354187,1,0.02179841697216034,0.00010068133269669488,confident_pneumonia
1,0.9989740252494812,1,0.008086321875452995,3.197009391442407e-06,confident_pneumonia
1,0.991388201713562,1,0.04952045530080795,0.00011933472706004977,confident_pneumonia
0,0.12335345894098282,0,0.37355372309684753,0.028320156037807465,uncertain_refer
1,0.9936574697494507,1,0.03841860219836235,0.0002774209715425968,confident_pneumonia
0,0.24785855412483215,0,0.5599702596664429,0.009603488259017467,uncertain_refer
1,0.9886289834976196,1,0.062210604548454285,0.0014489744789898396,confident_pneumonia
0,0.7692893743515015,1,0.5401335954666138,0.00841460470110178,uncertain_refer
1,0.976258397102356,1,0.11226360499858856,0.0006701705860905349,confident_pneumonia
1,0.110052190721035,0,0.3466244041919708,0.005380906164646149,uncertain_refer
1,0.9873896837234497,1,0.06767840683460236,0.0002859527594409883,confident_pneumonia
0,0.916192889213562,1,0.2879706025123596,0.0033677213359624147,confident_pneumonia
1,0.9945079684257507,1,0.03405996784567833,0.00019750595674850047,confident_pneumonia
1,0.9853874444961548,1,0.07625608891248703,0.0005385738331824541,confident_pneumonia
1,0.991417407989502,1,0.0493817962706089,0.00046520718024112284,confident_pneumonia
1,0.9381355047225952,1,0.23206722736358643,0.004030332900583744,confident_pneumonia
0,0.08093051612377167,0,0.2810361981391907,0.004377845209091902,confident_normal
0,0.12911447882652283,0,0.38469988107681274,0.009337324649095535,uncertain_refer
0,0.9632189869880676,1,0.15757548809051514,0.0011304105864837766,confident_pneumonia
1,0.9529774785041809,1,0.18965311348438263,0.01666976325213909,confident_pneumonia
1,0.9877040982246399,1,0.06630339473485947,0.0024139448069036007,confident_pneumonia
1,0.9855096936225891,1,0.0757407620549202,8.791437721811235e-05,confident_pneumonia
1,0.9886840581893921,1,0.061964549124240875,7.205262227216735e-05,confident_pneumonia
1,0.9828861355781555,1,0.08658349514007568,0.0011720010079443455,confident_pneumonia
0,0.9579237699508667,1,0.17448729276657104,0.002017243765294552,confident_pneumonia
1,0.9707801938056946,1,0.13201959431171417,0.0036373590119183064,confident_pneumonia
1,0.9979925155639648,1,0.01447369810193777,2.0974477592972107e-05,confident_pneumonia
1,0.9965776205062866,1,0.022846799343824387,8.956349483923987e-05,confident_pneumonia
0,0.9647900462150574,1,0.15241019427776337,0.0007080256473273039,confident_pneumonia
0,0.2003128081560135,0,0.5008357763290405,0.014299681410193443,uncertain_refer
1,0.9892221689224243,1,0.059545960277318954,0.0002568840282037854,confident_pneumonia
1,0.9884414672851562,1,0.06304636597633362,0.00023887264251243323,confident_pneumonia
0,0.14805841445922852,0,0.4193263649940491,0.009474694728851318,uncertain_refer
1,0.983401894569397,1,0.08448638021945953,0.0037247417494654655,confident_pneumonia
0,0.043124519288539886,0,0.17774994671344757,0.002776820445433259,confident_normal
1,0.9962679147720337,1,0.02459041029214859,6.485348421847448e-05,confident_pneumonia
0,0.09936119616031647,0,0.32367706298828125,0.0033348212018609047,confident_normal
1,0.9942353367805481,1,0.035470668226480484,6.468919309554622e-05,confident_pneumonia
1,0.9548314809799194,1,0.18403564393520355,0.0013066442916169763,confident_pneumonia
1,0.9880404472351074,1,0.06482341885566711,0.0005134998355060816,confident_pneumonia
1,0.9810490608215332,1,0.0939277932047844,0.00354002439416945,confident_pneumonia
0,0.30296871066093445,0,0.613358736038208,0.010229846462607384,uncertain_refer
1,0.9939974546432495,1,0.03669094294309616,8.519538823748007e-05,confident_pneumonia
1,0.9843877553939819,1,0.0804319903254509,0.00019210210302844644,confident_pneumonia
1,0.9948582649230957,1,0.03222731500864029,2.9561580959125422e-05,confident_pneumonia
1,0.9956315755844116,1,0.028094060719013214,1.4789841770834755e-05,confident_pneumonia
0,0.8693721890449524,1,0.38757842779159546,0.004828177392482758,uncertain_refer
1,0.2816178500652313,0,0.5944748520851135,0.006782616022974253,uncertain_refer
0,0.6439014077186584,1,0.6511403918266296,0.012797769159078598,uncertain_refer
1,0.9914793968200684,1,0.04908715933561325,0.0003645155520644039,confident_pneumonia
1,0.9962501525878906,1,0.024689605459570885,5.251248512649909e-05,confident_pneumonia
0,0.6513891220092773,1,0.6465824842453003,0.013510874472558498,uncertain_refer
1,0.9416613578796387,1,0.22237154841423035,0.0027731466107070446,confident_pneumonia
0,0.9012376070022583,1,0.32235515117645264,0.008724485523998737,confident_pneumonia
0,0.8580581545829773,1,0.4084728956222534,0.004056335426867008,uncertain_refer
1,0.9756382703781128,1,0.1145600751042366,0.0010824691271409392,confident_pneumonia
1,0.994661808013916,1,0.03325797617435455,6.470931111834943e-05,confident_pneumonia
1,0.9864965677261353,1,0.07154157757759094,0.0003913873224519193,confident_pneumonia
1,0.9624963998794556,1,0.159927636384964,0.004651864059269428,confident_pneumonia
1,0.9909740686416626,1,0.05147603154182434,0.0003610780695453286,confident_pneumonia
0,0.1366664171218872,0,0.39886558055877686,0.010769771412014961,uncertain_refer
1,0.9912443161010742,1,0.050202127546072006,0.0005324927624315023,confident_pneumonia
1,0.9950476884841919,1,0.03122640773653984,0.0001641420240048319,confident_pneumonia
1,0.980108916759491,1,0.09761492908000946,0.0004043089284095913,confident_pneumonia
0,0.1140790730714798,0,0.35495954751968384,0.01021893322467804,uncertain_refer
1,0.25510257482528687,0,0.5678718090057373,0.014307406730949879,uncertain_refer
1,0.9843617677688599,1,0.08053965866565704,0.0003765602014027536,confident_pneumonia
1,0.9988710284233093,1,0.008790040388703346,2.5919850941136247e-06,confident_pneumonia
1,0.9957499504089355,1,0.027449779212474823,5.730009434046224e-05,confident_pneumonia
0,0.5968136787414551,1,0.6742824912071228,0.01773867942392826,uncertain_refer
1,0.9987802505493164,1,0.009402438066899776,2.9554421416833065e-06,confident_pneumonia
0,0.4944978654384613,0,0.6930866241455078,0.011946246959269047,uncertain_refer
1,0.9844861030578613,1,0.0800241157412529,0.003020870266482234,confident_pneumonia
1,0.9891678690910339,1,0.05979122593998909,0.00015947625797707587,confident_pneumonia
1,0.31723466515541077,0,0.6247674226760864,0.013814602047204971,uncertain_refer
1,0.31712549924850464,0,0.6246837377548218,0.017185790464282036,uncertain_refer
1,0.9959204792976379,1,0.026515794917941093,3.93955378967803e-05,confident_pneumonia
1,0.9844333529472351,1,0.08024296164512634,0.00040602695662528276,confident_pneumonia
0,0.09083820879459381,0,0.30447283387184143,0.004199188202619553,confident_normal
1,0.9955573081970215,1,0.028496626764535904,2.482920535840094e-05,confident_pneumonia
1,0.9814122915267944,1,0.09249063581228256,0.00033467763569206,confident_pneumonia
1,0.9368213415145874,1,0.23562557995319366,0.0008034476777538657,confident_pneumonia
0,0.3095532953739166,0,0.618742823600769,0.01049009244889021,uncertain_refer
0,0.9961037635803223,1,0.025503959506750107,0.00010849990212591365,confident_pneumonia
1,0.49482622742652893,0,0.6930936574935913,0.009304826147854328,uncertain_refer
1,0.8672071695327759,1,0.39166146516799927,0.007131215184926987,uncertain_refer
1,0.9947502017021179,1,0.03279515355825424,8.259400783572346e-05,confident_pneumonia
0,0.6729395985603333,1,0.6320772767066956,0.005940308328717947,uncertain_refer
1,0.9957069158554077,1,0.02768438309431076,5.8591776905814186e-05,confident_pneumonia
1,0.959966778755188,1,0.16804970800876617,0.0025557551998645067,confident_pneumonia
0,0.14749717712402344,0,0.4183430075645447,0.007447369862347841,uncertain_refer
1,0.9740999937057495,1,0.1201876550912857,0.0006538343732245266,confident_pneumonia
1,0.9922816157341003,1,0.0452319011092186,0.0004020189226139337,confident_pneumonia
1,0.9710370302200317,1,0.13111865520477295,0.001310362946242094,confident_pneumonia
1,0.7434965372085571,1,0.5693677663803101,0.01296423003077507,uncertain_refer
0,0.12030229717493057,0,0.3675268888473511,0.01202396396547556,uncertain_refer
0,0.23733198642730713,0,0.5479850172996521,0.016809452325105667,uncertain_refer
0,0.11478810012340546,0,0.3564103841781616,0.007684774696826935,uncertain_refer
0,0.9665998220443726,1,0.14636975526809692,0.0008156859548762441,confident_pneumonia
0,0.12100653350353241,0,0.36892569065093994,0.004872736055403948,uncertain_refer
